categoria,url
monitor 24,https://www.amazon.com.br/dp/B0G75Y176D
monitor 24,https://www.amazon.com.br/dp/B0FWRGKTBX
monitor aoc 25,https://www.amazon.com.br/Monitor-Gamer-AOC-Ajust%C3%A1vel-25G4S/dp/B0FGDLNWWT/ref=sr_1_4
monitor aoc 25,https://www.amazon.com.br/Monitor-AOC-NVIDIA-G-Sync-24G42HE/dp/B0FGDJNXPP/ref=sr_1_5
monitor aoc 27,https://www.amazon.com.br/Monitor-AOC-Ajuste-Altura-24G4/dp/B0DLPB4CH6/ref=sr_1_11
monitor aoc,https://www.amazon.com.br/Monitor-AOC-DESTINY-FreeSync-25G3ZM/dp/B0CJ9NVNW6
monitor LG,https://www.amazon.com.br/Monitor-LG-UltraGear-DisplayPort-FreeSyncTM/dp/B0D8DPT7ZY
monitor LG,https://www.amazon.com.br/Monitor-LG-UltraGearTM-24G411A-B-FreeSync/dp/B0FYQ5TQDL
monitor samsung odissey,https://www.amazon.com.br/MONITOR-SAMSUNG-ODYSSEY-G30-24/dp/B0BTJ86YFZ
monitor LG ultragear,https://www.mercadolivre.com.br/monitor-lg-ultragear-24g411a-b-24fhd-144hz-1ms-mbr-nvidia-g-sync-amd-freesync-hdr10/p/MLB57489948
monitor LG ultragear,https://www.mercadolivre.com.br/monitor-lg-ultragear-24g411a-b-24-fhd-144hz-1ms-mbr-nvidia-g-sync-amd-freesync-hdr10/p/MLB63708263
monitor LG ultragear,https://www.mercadolivre.com.br/monitor-lg-ultragear-24g411a-24-fhd-144hz-1ms/up/MLBU3598307033
monitor lg,https://www.mercadolivre.com.br/monitor-gamer-lg-24ms500-b-24ms-ips-fullhd-100hz-ajuste-de-inclinaco-negro/p/MLB38017111
monitor tcl,https://www.mercadolivre.com.br/monitor-gamer-curvo-tcl-57-qled-mini-led-4k-r94-120hz-57r94-preto/p/MLB60862441
monitor samsung,https://www.mercadolivre.com.br/monitor-gamer-samsung-24-fhd-120hz-hdmi-dp-preto-s3/p/MLB51435621
monitor AOC,https://www.mercadolivre.com.br/monitor-gamer-aoc-agon-g42-24-200hz-03ms-ips-24g42he/p/MLB61497487
monitor LG,https://www.mercadolivre.com.br/monitor-gamer-lg-ultragear-24-24gs60f-b-ips-full-hd-180hz-1ms-gtg-nvidia-g-sync-amd-freesync-hdr10-srgb-99-hdmi-displayport/p/MLB38947984
monitor samsung,https://www.mercadolivre.com.br/monitor-samsung-odyssey-g30-ls24bg300elmzd-24-full-hd-va-144hz-freesync-preto/p/MLB23772912
monitor AOC,https://www.mercadolivre.com.br/monitor-gamer-27--aoc-legend-c27g2ze-va-fhd-05ms-240hz/up/MLBU3096176232
monitor AOC,https://www.mercadolivre.com.br/monitor-gamer-aoc-destiny-245-240hz-05ms-freesync-25g3zm/up/MLBU609662391
monitor, https://www.mercadolivre.com.br/monitor-acer-nitro-kg241y-p3bip-238-full-hd-led-va-180-hz-05ms-hdmi-amd-freesync-premium-preto/p/MLB43583645
monitor, https://www.mercadolivre.com.br/monitor-gamer-aoc-215-full-hd-gaming-120hz-1ms-22b30hm23-cor-preto/p/MLB50200257

notebook vaio,https://www.mercadolivre.com.br/notebook-vaio-fe16-amd-ryzen-5-5625u-windows-11-home-12gb-ram-512gb-ssd-wi-fi-6-tela-16-ips-wuxga-antirreflexo-cinza-grafite-vjfe69f11x-b1221h-permite-upgrade-de-memoria-ram-e-ssd/p/MLB48919057
notebook gamer loq E 3050,https://www.amazon.com.br/dp/B0DYL44KXR
notebook gamer loq E 3050,https://www.mercadolivre.com.br/notebook-gamer-lenovo-loq-e-15iax9e-intel-core-i5-12450hx-16gb-512gb-ssd-rtx-3050-windows-11-156-83me0007br-luna-grey/p/MLB46018205
notebook acer nitro v 3050,https://www.amazon.com.br/dp/B0FYJ67V77
notebook acer nitro v 3050,https://www.mercadolivre.com.br/notebook-gamer-acer-nitro-v-anv15-51-57ws-intel-core-i5-13420h-13geraco-512ssd-8gb-nvidia-geforce-rtx-3050-gddr6-linux-gutta-156/p/MLB37396835
notebook gamer acer nitro v 4050,https://www.amazon.com.br/dp/B0G1CPG1KT
notebook gamer acer nitro v 4050,https://www.mercadolivre.com.br/notebook-gamer-acer-nitro-v15-anv15-41-r2gt-amd-ryzen-7-7735hs-rtx-4050-16-gb-ram-512-gb-ssd-full-hd-156/p/MLB61937659
notebook gamer rtx asus tuf gaming,https://www.amazon.com.br/dp/B0FHBYH2Y5
notebook gamer rtx asus tuf gaming, https://www.mercadolivre.com.br/notebook-asus-tuf-gaming-f16-fx607vj-nvidia-rtx-3050-intel-core-5-210h-16gb-ram-512gb-ssd-windows-11-home-tela-16-nivel-ips-144hz-cinza-rl007w/p/MLB52423671

teclado mecanico,https://www.amazon.com.br/Redragon-TECLADO-MECANICO-DRAGONBORN-SWITCH/dp/B0BFZ1Q3HP/ref=sr_1_8
teclado mecanico,https://www.mercadolivre.com.br/teclado-mecnico-gamer-force-one-atlas-60-rgb-switch-huano-red-branco/p/MLB27896590
teclado mecanico,https://www.mercadolivre.com.br/teclado-mecanico-gamer-60-computador-rgb-usb-pc-laranja/up/MLBU2868109460
teclado mecanico,https://www.mercadolivre.com.br/teclado-redragon-mitra-qwerty-outemu-brown-portugus-brasil-cor-preto-com-luz-vermelho/p/MLB16023719
teclado mecanico,https://www.mercadolivre.com.br/teclado-gamer-redragon-flamengo-nation-preto-e-vermelho/p/MLB55903753
teclado mecanico,https://www.mercadolivre.com.br/teclado-gamer-mecnico-redragon-dragonborn-k630rgb-1-cor-de-teclado-preto-idioma-portugus-brasil/p/MLB20790453

mouse gamer,https://www.mercadolivre.com.br/mouse-gamer-redragon-cobra-pro-usb24g-preto/p/MLB35793574
mouse gamer,https://www.amazon.com.br/Redragon-Wireless-16000DPI-Bot%C3%B5es-Program%C3%A1veis/dp/B0CWB2H58J/ref=sr_1_5
mouse gamer,https://www.amazon.com.br/Mouse-Gamer-Redragon-Pixart-Wireless/dp/B09FQ27R9C/ref=sr_1_6
mouse gamer,https://www.mercadolivre.com.br/mouse-sem-fio-gamer-12000dpi-sensor-pixart-3311-polling-rate-rgb-ate-2000hz-recarregavel-cor-preto-titorion/p/MLB53871685
mouse gamer,https://www.mercadolivre.com.br/mouse-usb-preto-com-7-botoes-havit-ms966se-sem-fio-10kdpi-cor-branco/p/MLB61503975
mouse sem fio,https://www.amazon.com.br/Redragon-M724-program%C3%A1veis-ergon%C3%B4mica-compat%C3%ADvel/dp/B0D41SDLTB/ref=sr_1_4
mouse sem fio,https://www.amazon.com.br/Mouse-ATTACK-SHARK-Tri-Mode-Bluetooth/dp/B0FRGJQFGG/ref=sr_1_29
mouse sem fio,https://www.amazon.com.br/ATTACK-SHARK-SUPERLIGHT-carregamento-magn%C3%A9tico/dp/B0DHRJGZM2
mouse sem fio,https://www.amazon.com.br/Logitech-Silencioso-Ambidestro-Conex%C3%A3o-Bluetooth/dp/B0CJ38WNWG/ref=sr_1_9
mouse sem fio, https://www.mercadolivre.com.br/mouse-gamer-attack-shark-x11-22000dpi-sem-fio-usb-bluetooth/up/MLBU3269725495
mouse sem fio, https://www.mercadolivre.com.br/mouse-gamer-attack-shark-x11-branco-22000-dpi-usb-bluetooth/up/MLBU3269566265
mouse sem fio,https://www.mercadolivre.com.br/mouse-king-pro-4k-gamer-preto-redragon/p/MLB38653921
mouse sem fio,https://www.mercadolivre.com.br/mouse-sem-fio-m170-preto-logitech/p/MLB15144095
mouse sem fio,https://www.mercadolivre.com.br/mouse-gamer-sem-fio-storm-pro-redragon-rgb-chroma-mark-ll/p/MLB19487149
mouse sem fio,https://www.mercadolivre.com.br/mouse-sem-fio-m280-preto-logitech/p/MLB6072946

tv 65 4k qled,https://www.amazon.com.br/TCL-QLED-SMART-65P8K-GOOGLE/dp/B0GH2L5MZL/ref=sr_1_9
suporte monitor articulado (simples),https://www.amazon.com.br/Ergon%C3%B4mico-Articulado-Compacto-Retr%C3%A1til-Monitores/dp/B0765KZ264/ref=sr_1_5
suporte monitor articulado (simples),https://www.amazon.com.br/Suporte-Articulado-para-Monitor-Gerenciamento/dp/B0DRG42PSW/ref=sr_1_6
suporte monitor articulado (simples),https://www.amazon.com.br/Suporte-Articulado-Pist%C3%A3o-Monitores-Branco/dp/B09WJD17ZS/ref=sr_1_7
suporte monitor articulado (simples),https://www.amazon.com.br/dp/B08ZGYHBJ7
suporte monitor articulado (simples),https://www.amazon.com.br/dp/B07CZM42VF

teclado gamer,https://www.mercadolivre.com.br/teclado-attack-shark-x68-he-rgb-qwerty-magnetic-switch-cor-de-teclado-preto-idioma-portugus-brasil/p/MLB46670961
smart tv 43 4k,https://www.amazon.com.br/Samsung-Smart-Crystal-U8100F-2025/dp/B0F5X69KQB/ref=sr_1_5
smart tv 43 4k,https://www.amazon.com.br/LG-Processador-Upscaling-Integrado-Controle/dp/B0F8KWK492/ref=sr_1_6
smart tv 43 4k,https://www.amazon.com.br/Hisense-Smart-Polegadas-Sports-Compat%C3%ADvel/dp/B0FL4WCZJC/ref=sr_1_7
smart tv 43 4k,https://www.amazon.com.br/SEMP-SMART-43S42-FHD-GOOGLE/dp/B0FSF5FKPC/ref=sr_1_8
smart tv 50 4k, https://www.mercadolivre.com.br/hisense-smart-tv-4k-50-polegadas-50q6qv-qled-com-dolby-vision-hdr10-hlg-filmmaker-mode-dolby-gaming-dolby-atmos-compatibilidade-alexa-e-google/p/MLB53505423
smart tv 50 4k,https://www.mercadolivre.com.br/smart-tv-4k-50-lg-uhd-50ua85-processador-7-ai-ger8-4k-super-upscaling-google-cast-alexa-integrado-controle-ai-smart-magic-webos-25/p/MLB51381761
smart tv 50 4k,https://www.mercadolivre.com.br/smart-tv-4k-50-lg-nanocell-50nanoa-processador-7-ai-ger8-4k-super-upscaling-google-cast-alexa-integrado-controle-ai-smart-magic-webos-25/p/MLB51967528
smart tv 55 4k,https://www.mercadolivre.com.br/smart-tv-4k-55-lg-uhd-55ua75-processador-7-ai-ger8-4k-super-upscaling-google-cast-alexa-integrado-controle-remoto-padro-webos-25/p/MLB54742419
smart tv 50 4k,https://www.mercadolivre.com.br/smart-tv-profissional-4k-50-lg-uhd-50au801-processador-7-ai-ger8-super-upscaling-google-cast-alexa-integrado-controle-ai-smart-magic-webos-25/p/MLB61517857

smart tv 55 4k,https://www.mercadolivre.com.br/smart-tv-55-philco-4k-uhd-roku-tv-dolby-audio-p55cra/p/MLB51227402
smart tv 58 4k,https://www.mercadolivre.com.br/smart-tv-58-ptv58g7pagcsbl-android-tv-4k-led-philco/p/MLB29722788
smart tv 55 4k, https://www.mercadolivre.com.br/smart-tv-aiwa-55-android-4k-borda-ultrafina-dolby-visionatmos-aws-tv-55-bl-01-a/p/MLB19794940 
smart tv 55 4k,https://www.mercadolivre.com.br/smart-tv-tcl-55-polegadas-qled-mini-led-4k-c6k-wifi-bluetooth-google-tv-4-hdmi-144hz-hdr10-55c6k/p/MLB48808732
smart tv 65 4k, https://www.mercadolivre.com.br/smart-tv-tcl-65-polegadas-qled-mini-led-4k-c7k-wifi-bluetooth-google-tv-4-hdmi-144hz-hdr10-65c7k/p/MLB49823182
smart tv 55 4k,https://www.mercadolivre.com.br/smart-tv-tcl-55-polegadas-qled-4k-p7k-wifi-bluetooth-google-tv-hdr10-dolby-atmos-dolby-vision-55p7k/p/MLB49996606
smart tv 65 4k,https://www.mercadolivre.com.br/smart-tv-tcl-65-polegadas-qled-4k-p7k-wifi-bluetooth-google-tv-hdr10-dolby-atmos-dolby-vision-65p7k/p/MLB50107414
smart tv 40 4k ,https://www.mercadolivre.com.br/smart-tv-tcl-40-polegadas-full-hd-qled-s5k-wifi-bluetooth-google-tv-2-hdmi-hdr10-dolby-audio-40s5k/p/MLB49197358
smart tv 65 4k,https://www.mercadolivre.com.br/smart-tv-tcl-65-polegadas-qled-mini-led-4k-c7k-wifi-bluetooth-google-tv-4-hdmi-144hz-hdr10-65c7k/p/MLB49823182
smart tv 58,https://www.amazon.com.br/Smart-Philco-PTV58G7PAGCSBL-Android-Led/dp/B0CLM2425W/ref=sr_1_1
smart tv 55 4k,https://www.amazon.com.br/SmartTV-Aiwa-Android-Ultrafina-Vision/dp/B0BB33SPLH/ref=sr_1_1
smart tv 55,https://www.amazon.com.br/TCL-Polegadas-Bluetooth-Google-55P7K/dp/B0F1GHSSXG
smart tv 55,https://www.amazon.com.br/TCL-Polegadas-Bluetooth-Google-55C6K/dp/B0F7JZMVKF
smartv 65,https://www.amazon.com.br/TCL-Polegadas-Bluetooth-Google-65C7K/dp/B0F7KFSF9T/ref=sr_1_2
smart tv 55,https://www.amazon.com.br/TCL-Polegadas-Bluetooth-Google-55P7K/dp/B0F1GHSSXG/ref=sr_1_1
smart tv 65,https://www.amazon.com.br/TCL-Polegadas-Bluetooth-Google-65P7K/dp/B0F1GJ7Y73
smart tv 40,https://www.amazon.com.br/TCL-QLED-SMART-40S5K-GOOGLE/dp/B0FTGJDF9R
smart tv 65,https://www.amazon.com.br/TCL-Polegadas-Bluetooth-Google-65C7K/dp/B0F7KFSF9T/ref=sr_1_4

macbook, https://www.mercadolivre.com.br/macbook-air-13-apple-m4-8core-gpu-16gb-ram-256gb-ssd/up/MLBU3279487276
tablet 12,https://www.amazon.com.br/Tablet-Lenovo-Caneta-Teclado-Integrado/dp/B0GJ6QRYH8
tablet 11,https://www.amazon.com.br/Tablet-Lenovo-Octa-Core-Android-Caneta/dp/B0FN4BK3V7
tablet,https://www.amazon.com.br/VAIO-Octa-Core-Teclado-Conex%C3%A3o-Inteligente/dp/B0FHJD6KNL
tablet,https://www.mercadolivre.com.br/vaio-tl12-preto-8-gb-128-gb-126-inclui-com-rede-movel/p/MLB53149831
tablet,https://www.amazon.com.br/VAIO-Octa-Core-Teclado-Conex%C3%A3o-Inteligente/dp/B0FBBT8HHL
tablet,https://www.mercadolivre.com.br/vaio-tl12-preto-8-gb-256-gb-126-inclui-com-rede-movel/p/MLB53769953
tablet,https://www.amazon.com.br/Galaxy-Lite-128GB-Tela-Cinza/dp/B0FMFRFNWG
tablet,https://www.mercadolivre.com.br/tablet-samsung-galaxy-tab-s10-lite-5g-128gb-6gb-ram-tela-109-s-pen-e-capa-smartbook-cover-inclusas/p/MLB54053893
tablet,https://www.mercadolivre.com.br/tablet-huawei-matepad-se-11-8128gb-caneta-m-pen-lite-tela-huawei-fullview-de-11-para-conforto-visual-superbateria-de-7700-mah-225w-cmera-traseira-8-mpcmera-frontal-5-mp-cinza-nebula-cinza/p/MLB64298338
tablet,https://www.mercadolivre.com.br/tablet-samsung-galaxy-tab-s10-fe-wifi-128gb-8gb-tela-109-90hz-s-pen-e-capa-inclusas-cinza/p/MLB47885021
tablet,https://www.amazon.com.br/Samsung-Imersiva-Traseira-Frontal-Android/dp/B0F3LTWYS5

notebook gamer rtx (rtx3060/rtx4060),https://www.mercadolivre.com.br/notebook-acer-gamer-nitro-v15-core-i7-13-ger-32gb-512ssd-rtx4060-8gb-nvidia-geforce-tela-165hz-full-hd-linux-anv15-52-76np/p/MLB60126575
notebook gamer rtx (rtx3060/rtx4060),https://www.mercadolivre.com.br/notebook-acer-nitro-v15-anv15-52-96aq-intel-core-i9-13900h-de-13-g-16gb-512gb-ssd-rtx4060-windows-11-home-156/p/MLB52361455
notebook gamer rtx (rtx3060/rtx4060),https://www.mercadolivre.com.br/notebook-gamer-acer-nitro-v15-anv15-52-790m-intel-core-i7-13620h-13g-16gb-ram-512gb-ssd-rtx4060-156/p/MLB54279932
notebook gamer rtx (rtx3060/rtx4060),https://www.mercadolivre.com.br/hp-victus-156-core-i7-16-gb-512-gb-ssd-rtx-4060-15-fa1657nr-cor-azul/p/MLB43439316
notebook gamer rtx (rtx3060/rtx4060),https://www.amazon.com.br/Notebook-Gamer-Lenovo-i5-12450HX-83MES00100/dp/B0DYL44KXR/ref=sr_1_5
notebook gamer rtx (rtx3060/rtx4060),https://www.amazon.com.br/Notebook-Gamer-Intel%C2%AE-CoreTM-i5-13420H/dp/B0FYJ67V77/ref=sr_1_6
notebook gamer rtx (rtx3060/rtx4060),https://www.amazon.com.br/Notebook-Gamer-ANV15-41-R2GT-RyzenTM-7735HS/dp/B0G1CPG1KT/ref=sr_1_7
notebook gamer rtx (rtx3060/rtx4060),https://www.amazon.com.br/Notebook-ASUS-Gaming-Intel-Mecha/dp/B0FHBYH2Y5/ref=sr_1_8
teclado mecanico barato,https://www.mercadolivre.com.br/teclado-gamer-k631-castor-rgb-switch-brown-abnt2-cor-de-teclado-preto-idioma-portugus-brasil-redragon/p/MLB25779726
teclado mecanico barato,https://www.mercadolivre.com.br/teclado-mecanico-rgb-led-colorido-preto-pc-gamer-switch-97tc-cor-de-teclado-cinza-idioma-portugus-brasil/p/MLB46157422
teclado mecanico barato,https://www.mercadolivre.com.br/teclado-mecanico-gamer-switch-preto-azul-red-usb-ptbr-qwerty-cor-de-teclado-cinza-idioma-portugus-brasil/p/MLB41846249
teclado mecanico barato,https://www.mercadolivre.com.br/teclado-gamer-mecnico-60-menor-luz-led-rgb-switch-usb-c-cor-de-teclado-laranja-2-idioma-portugus-brasil/p/MLB64856227
teclado mecanico barato,https://www.mercadolivre.com.br/teclado-mecanico-rgb-led-colorido-pc-gamer-switch-usb-cor-de-teclado-azul-idioma-portugus-brasil/p/MLB59104196
teclado mecanico barato,https://www.amazon.com.br/Teclado-Mec%C3%A2nico-Ghosting-Computador-Notebook/dp/B0BSP5Q9PF/ref=sr_1_5

caixa de som bluetooth,https://www.mercadolivre.com.br/aiwa-aws-sp-01-caixa-de-som-speaker-bluetooth-cor-preto-aiwa/p/MLB26826554
caixa de som bluetooth,https://www.mercadolivre.com.br/caixa-de-som-partybox-encore-2-com-microfone-jbl-preto/p/MLB51195231

caixa de som bluetooth,https://www.mercadolivre.com.br/caixa-de-som-amplificada-aiwa-t1w-02-bluetoothusbaux-preto/p/MLB42931183
caixa de som bluetooth,https://www.mercadolivre.com.br/caixa-de-som-boombox-plus-aiwa-bbs-01-b-200w-bt-30h-ip66-usb-preto/p/MLB46439669
caixa de som bluetooth,https://www.mercadolivre.com.br/caixa-de-som-bluetooth-jbl-party-box-520-br-preta-resistent-cor-preto/p/MLB53365434
caixa de som bluetooth,https://www.mercadolivre.com.br/caixa-de-som-pulsebox-3-1400w-bluetooth-tws-karaoke-led-preto/p/MLB47714127
caixa de som bluetooth,https://www.amazon.com.br/Speaker-Philco-PBS45BT-Extreme-Bluetooth/dp/B0D364W7YK/ref=sr_1_5
caixa de som bluetooth,https://www.amazon.com.br/Caixa-Speaker-AIWA-SP-05-LB-Bluetooth/dp/B0FHYLZ7W1/ref=sr_1_6
caixa de som bluetooth,https://www.amazon.com.br/Caixa-Bluetooth-Essential-I2go-Resistente/dp/B085YDLGFR/ref=sr_1_7
caixa de som bluetooth,https://www.amazon.com.br/JBL-Bluetooth-Speaker-Preta-JBLGO4BLK/dp/B0CX5C6WP3/ref=sr_1_8
caixa de som bluetooth,https://www.amazon.com.br/Caixa-Port%C3%A1til-Bluetooth-Amvox-Gigante/dp/B09RQ9FCSK/ref=sr_1_9
caixa de som bluetooth,https://www.amazon.com.br/Port%C3%A1til-Bluetooth-Perfeita-Controle-Imperme%C3%A1vel/dp/B0FQ7RQZJ4/ref=sr_1_10
caixa de som,https://www.mercadolivre.com.br/caixa-de-som-bluetooth-prova-dagua-boombox-4-jbl-preta/p/MLB53924359
caixa de som,https://www.mercadolivre.com.br/caixa-de-som-flip7-bluetooth-prova-dagua-preta-jbl-bivolt-preto/p/MLB47809248
caixa de som,https://www.mercadolivre.com.br/caixa-de-som-bluetooth-portatil-go-4-jbl-azul/p/MLB36341302
caixa de som,https://www.mercadolivre.com.br/caixa-de-som-ultraportatil-prova-dagua-jbl-clip-5-cor-preto/p/MLB44713953
caixa de som,https://www.mercadolivre.com.br/jbl-caixa-de-som-go-4-black-prova-dagua-jblgo4blk-cor-preto/p/MLB36386053
caixa de som,https://www.mercadolivre.com.br/caixa-de-som-jbl-go4-portatil-bluetooth-42w-prova-dagua-ipx7-white/p/MLB37219474
caixa de som,https://www.mercadolivre.com.br/fone-de-ouvido-sem-fio-bluetooth-tune-flex-2-jbl-branco/p/MLB46155596
caixa de som,https://www.amazon.com.br/Caixa-Bluetooth-JBL-Boombox-Preta/dp/B0BF66H9XW
caixa de som,https://www.amazon.com.br/JBL-Caixa-Som-FLIP-Preta/dp/B0F7T2Y46Y
caixa de som,https://www.amazon.com.br/JBL-Caixa-Som-FLIP-Branca/dp/B0F7TCD2JQ/
caixa de som,https://www.amazon.com.br/JBL-Bluetooth-Speaker-Azul-JBLGO4BLU
caixa de som,https://www.amazon.com.br/JBL-Bluetooth-Speaker-Preta-JBLGO4BLK





headset gamer,https://www.mercadolivre.com.br/headset-gamer-redragon-zeus-lite-preto-p3-h510-lt-preto/p/MLB48468943
headset gamer,https://www.mercadolivre.com.br/fone-de-ouvido-headset-gamer-havit-h2002d-p3-para-ps3ps4ps5xboxpc-cor-preto/p/MLB15345937
headset gamer,https://www.mercadolivre.com.br/fone-gamer-hyperx-cloud-stinger-2-core-preto-pc-683l9aa/p/MLB22448503
headset gamer,https://www.mercadolivre.com.br/fone-de-ouvido-gamer-headset-havit-h2015d-pc-consoles-color-negro/p/MLB19693803
headset gamer,https://www.mercadolivre.com.br/headset-sem-fio-pulse-elite-sony-cor-branco/p/MLB35725883
headset gamer,https://www.mercadolivre.com.br/headset-gamer-sem-fio-onikuma-b2-conexo-usb-e-bluetooth-cor-preto/p/MLB43641629
headset gamer,https://www.mercadolivre.com.br/hyperx-headset-gamer-cloud-iii-pc-ps4-ps5-pretovermelho-vermelho/p/MLB65383507
headset gamer,https://www.mercadolivre.com.br/headset-gamer-onikuma-b2-fone-tipo-g435-bt-53-ps5-ps4-pc-cor-branco/p/MLB44555853
headset gamer,https://www.amazon.com.br/JBL-Fone-Ouvido-Com-JBLQTUM100M2BLK/dp/B0D6NLHV8N/ref=sr_1_5
headset gamer,https://www.amazon.com.br/Headphone-Ouvido-HV-H2002d-Microfone-Falante/dp/B07Y2G7VX5/ref=sr_1_6
headset gamer,https://www.amazon.com.br/Headset-Gamer-Redragon-Preto-H510-PRO/dp/B0CNKVYLF5/ref=sr_1_7
headset gamer,https://www.amazon.com.br/Ouvido-Headset-Fuxi-H3-Wireless-Bluetooth/dp/B0CHJXCJTW/ref=sr_1_8
headset gamer,https://www.amazon.com.br/Headset-Gamer-Redragon-Hylas-H260RGB/dp/B09BFZSRGN/ref=sr_1_9
notebook i5 8gb 256ssd,https://www.mercadolivre.com.br/notebook-asus-vivobook-15-x1504va-intel-core-i5-1334u-4gb-ram-256gb-ssd-linux-keepos-tela-156-led-fhd-silver-nj1726/p/MLB48919073
notebook i5 8gb 256ssd,https://www.mercadolivre.com.br/notebook-dell-latitude-3410-core-i7-10th-16gb-256gb-ssd-nvme-cor-cinza-excelente-recondicionado/p/MLB2010713151
notebook i5 8gb 256ssd,https://www.mercadolivre.com.br/notebook-asus-vivobook-15-x1504va-intel-core-i5-1334u-8gb-ram-256gb-ssd-windows-11-home-intel-iris-xe-tela-156-led-fhd-silver-nj1738w/p/MLB50363495
notebook i5 8gb 256ssd,https://www.mercadolivre.com.br/notebook-asus-vivobook-15-intel-core-i5-1334u-13-ghz-8gb-ram-256gb-ssd-keepos-linux-tela-156-fhd-cool-silver-x1504va-nj1739/p/MLB48952658
notebook i5 8gb 256ssd,https://www.amazon.com.br/Notebook-Dell-Inspiron-I15-I1300-A30P-Carbono/dp/B0FHCHBRGF/ref=sr_1_5
notebook i5 8gb 256ssd,https://www.amazon.com.br/Notebook-ASUS-Vivobook-X1504VA-Windows/dp/B0F6967TJ9/ref=sr_1_6
notebook i5 8gb 256ssd,https://www.amazon.com.br/Notebook-Aspire-AG15-71P-5939-Gera%C3%A7%C3%A3o-Windows/dp/B0B8MCB6KK/ref=sr_1_7
notebook i5 8gb 256ssd,https://www.amazon.com.br/Notebook-ASUS-VivoBook-RYZEN-KeepOS/dp/B0CYVVRSSZ/ref=sr_1_8
notebook,https://www.mercadolivre.com.br/notebook-dell-inspiron-i15-i1300-a30p-156-i5-8gb-512gb-w11-preto/p/MLB54247265
notebook,https://www.mercadolivre.com.br/notebook-asus-vivobook-go-15-e1504-amd-ryzen-5-7520u-28-ghz-8gb-ram-256gb-ssd-windows-11-home-tela-156-fhd-black-e1504fa-nj825w/p/MLB29126536
notebook,https://www.mercadolivre.com.br/notebook-asus-vivobook-15-x1504va-intel-core-i5-1334u-8gb-ram-256gb-ssd-windows-11-home-intel-iris-xe-tela-156-led-fhd-silver-nj1738w/p/MLB50363495
notebook,https://www.mercadolivre.com.br/notebook-acer-aspire-go-15-ag15-71p-5939-intel-core-i5-13420h-13-geraco-8gb-ddr5-256gb-ssd-nvme-tela-156-windows-11-home/p/MLB52934530




powerbank 20000mah,https://www.mercadolivre.com.br/carregador-portatil-power-bank-turbo-i2go-20000mah-20w-com-display-digital/p/MLB21410949
powerbank 20000mah,https://www.mercadolivre.com.br/carregador-portatil-power-bank-turbo-20000mah-universal-para-iphone-samsung-motorlola-xiaomi-20w-com-display-digital-dtimp/p/MLB54026101
powerbank 20000mah,https://www.mercadolivre.com.br/carregador-portatil-power-bank-xiaomi-mi-50w-20000mah-usb-cor-preto/p/MLB25397198
powerbank 20000mah,https://www.mercadolivre.com.br/power-bank-20000mah-rapido-portatil-45w-rapido-com-display-cor-preto-power-3-saidas-com-cabo-embutido-usb-c-para-samsung-iphone-xiaomi-motorola-celular-tablet-macbook/p/MLB52887554
powerbank 20000mah,https://www.mercadolivre.com.br/power-bank-20000mah-carregador-portatil-carga-rapida-225w-turbo-usb-c-tipo-c-compativel-com-iphone-13-14-15-16-samsung-xiaomi-motorola-compacto-para-viagem-e-uso-diario-preto-casenn/p/MLB56254827
powerbank 20000mah,https://www.mercadolivre.com.br/basike-power-bank-225w-20000mah-com-display-carregamento-rapido-power-4-saidas-com-cabo-embutido-usb-c-e-lig-htning-rapido-ppspdqc-para-iphone-series-16151413-samsung-s2524232221-cinza/p/MLB52327865
powerbank 20000mah,https://www.mercadolivre.com.br/carregador-portatil-power-bank-20000mah-225w-turbo-carga-rapida-universal-usb-c-saida-usb-para-celular-iphone-samsung-xiaomi-motorola-tablet/p/MLB63467502
powerbank 20000mah,https://www.mercadolivre.com.br/power-bank-20000mah-ot-carregador-rapido-com-display-portatil-preto/p/MLB56223905
powerbank 20000mah,https://www.amazon.com.br/Carregador-Port%C3%A1til-20000mAh-Delivery-I2GO/dp/B094YR4SLJ/ref=sr_1_5
powerbank 20000mah,https://www.amazon.com.br/Geonav-Carregador-Universal-Carregamento-PB20K20WSG/dp/B0CNHBV6W5/ref=sr_1_6
powerbank 20000mah,https://www.amazon.com.br/Bateria-Carregador-Port%C3%A1til-20000mAh-R%C3%A1pida/dp/B0D8RJ99Z1/ref=sr_1_7
powerbank 20000mah,https://www.amazon.com.br/Carregador-Port%C3%A1til-20000Mah-Carregamento-Compat%C3%ADvel/dp/B0DL4XSFSR/ref=sr_1_8
playstation 5,https://www.mercadolivre.com.br/sony-playstation-5-pro-cfi-7020-2tb-digital-cor-branco-2024/p/MLB41975964
playstation 5,https://www.mercadolivre.com.br/sony-playstation-5-slim-1tb-cor-branco/p/MLB28616777
playstation 5,https://www.mercadolivre.com.br/console-playstation5-slim-digital-pacote-astro-bot-e-gran-turismo-7-branco/p/MLB57081243
playstation 5,https://www.mercadolivre.com.br/console-playstation-5-slim-edico-digital-825-gb-branco-sony/p/MLB29001054
playstation 5,https://www.mercadolivre.com.br/playstation-5-slim-cor-branco-1-tb-verso-midia-fisica/p/MLB31067313
playstation 5,https://www.mercadolivre.com.br/console-playstation-5-midia-fisica-slim-branco-1tb-returnal-e-ratchet-e-clank-controle-sem-fio-dualsense-branco/p/MLB39459985
playstation 5,https://www.amazon.com.br/PlayStation%C2%AE5-Slim-Digital-825GB-Turismo/dp/B0FPGF9J2J/ref=sr_1_5
playstation 5,https://www.amazon.com.br/PlayStation%C2%AE5-Slim-Disk-Pacote-Turismo/dp/B0F8R9NDXC/ref=sr_1_6
playstation 5,https://www.amazon.com.br/PlayStation%C2%AE5-Digital-Pacote-ASTRO-Turismo/dp/B0F7Z9F9SD/ref=sr_1_7
playstation 5,https://www.amazon.com.br/PlayStation-CFI-2014B01X-PlayStation%C2%AE5-Edi%C3%A7%C3%A3o-Digital/dp/B0CQKJN2C6/ref=sr_1_8
playstation 5,https://www.amazon.com.br/PlayStation-1000046552-Console-PlayStation%C2%AE5-Pro/dp/B0DH8J5YGH/ref=sr_1_9
playstation 5,https://www.mercadolivre.com.br/sony-ps5-slim-ssd-1tb-dourado-edico-ghost-of-yotei-ouro/p/MLB57736239
playstation 5,https://www.amazon.com.br/Pack-console-PlayStation%C2%AE5-Edi%C3%A7%C3%A3o-Limitada/dp/B0FML8XKTZ/ref=sr_1_10
tablet vaio,https://www.mercadolivre.com.br/tablet-vaio-tl10-8gb-128gb-octa-core-tela-104-2k-4g-wifi-cmera-8mp-selfie-5mp-7000mah-android-13-com-teclado-de-conexo-inteligente-preto/p/MLB23612880
moto g86,https://www.mercadolivre.com.br/smartphone-moto-g86-5g-512gb-verde-escuro-motorola/p/MLB57856553
moto g86,https://www.mercadolivre.com.br/smartphone-motorola-moto-g86-5g-512gb-24gb-12gb-ram12gb-ram-boost-tela-15k-poled-50mp-sony-camera-ois-moto-ai-videos-em-4k-ip68-ip69/p/MLB62124802
moto g86,https://www.amazon.com.br/Smartphone-Motorola-Moto-g86-5G/dp/B0FCYP5FB2
moto g75,https://www.amazon.com.br/Smartphone-Motorola-Moto-g75-Ultrarresistencia/dp/B0DK81KPY6
moto g75,https://www.mercadolivre.com.br/motorola-moto-g75-5g-dual-sim-256-gb-preto-8-gb-ram-novo-com-caixa-aberta/p/MLB2015833485
moto g75,https://www.amazon.com.br/Smartphone-Motorola-Moto-Buds-Ultrarresistencia/dp/B0DK7TD3W9
moto g75,https://www.amazon.com.br/Smartphone-Motorola-Moto-Buds-Ultrarresistencia/dp/B0DK7T65TR
moto g56,https://www.mercadolivre.com.br/smartphone-motorola-moto-g56-5g-256gb-16gb-8gb-ram8gb-ram-boost-camera-50mp-sony-lytia-600-certificado-de-ultrarresistencia-militar-e-ip68-ip69-verde/p/MLB50302985
moto g35,https://www.mercadolivre.com.br/smartphone-motorola-moto-g35-5g-256gb-12gb-4gb-ram8gb-ram-boost-e-camera-50mp-com-ai-nfc-tela-67-com-superbrilho-cinza/p/MLB41998152
moto g35,https://www.amazon.com.br/dp/B0DHWFBYVC
moto g56,https://www.amazon.com.br/Smartphone-Motorola-Moto-g56-Ultrarresistencia/dp/B0F9MNPVKG
moto g55,https://www.amazon.com.br/Smartphone-Motorola-Moto-g55-Superbrilho/dp/B0DGD8NRYV
moto g15,https://www.mercadolivre.com.br/smartphone-motorola-moto-g15-256gb-12gb-4gb-ram8gb-ram-boost-e-camera-50mp-com-ai-e-night-vision-bateria-de-5200-mah-tela-fhd-67-com-superbrilho-nfc-grafite/p/MLB44665473
moto g15,https://www.amazon.com.br/Smartphone-Motorola-g15-256GB-Bateria-Superbrilho/dp/B0DQQCGG3Q

moto g06,https://www.mercadolivre.com.br/smartphone-motorola-moto-g06-128gb-12gb-4gb-ram-8gb-ram-boost-e-camera-50mp-com-ai-bateria-de-5200-mah-tela-69-azul-marinho/p/MLB58353028
moto g05,https://www.mercadolivre.com.br/smartphone-motorola-moto-g05-256gb-4gb-ram-e-camera-50mp-grafite/p/MLB58493171?pdp_filters=item_id%3AMLB5774590476
moto edge 60,https://www.mercadolivre.com.br/smartphone-motorola-edge-60-pro-5g-512gb-24gb-12gb-ram12gb-ram-boost-tela-quad-curve-moto-ai-50mp-sony-camera-ultrarresistencia-militar-ip68-ip69-cinza/p/MLB48998798
moto edge 60,https://www.mercadolivre.com.br/smartphone-motorola-edge-60-neo-5g-256gb-24gb-12gb-ram-12gb-ram-boost-50mp-sony-camera-moto-ai-e-tela-15k-super-hd-latte/p/MLB58684606
moto edge 60,https://www.mercadolivre.com.br/smartphone-motorola-edge-60-pro-5g-256gb-24gb-12gb-ram12gb-ram-boost-tela-quad-curve-moto-ai-50mp-sony-camera-ultrarresistencia-militar-ip68-ip69-azul/p/MLB49085450
moto edge,https://www.amazon.com.br/dp/B0F1HP5JJM
moto edge,https://www.amazon.com.br/dp/B0F7J35H7W
s24 fe,https://www.mercadolivre.com.br/samsung-galaxy-s24-fe-8gb-ram-256gb-rom-5g-grafite/p/MLB41747383
s24 fe,https://www.mercadolivre.com.br/celular-samsung-galaxy-s24-fe-5g-128gb-8gb-ram-tela-67-galaxy-ai-cinza/p/MLB45469096
s24 ultra,https://www.mercadolivre.com.br/celular-samsung-galaxy-s24-ultra-256gb-12gb-ram-68-ai-cor-titnio-cinza/p/MLB34491099
s25,https://www.mercadolivre.com.br/samsung-galaxy-s25-5g-128gb-12gb-cmera-tripla-verde-claro/p/MLB45502363
s24 plus,https://www.mercadolivre.com.br/samsung-galaxy-s24-plus-exynos-5g-dual-sim-256-gb-cinza-12-gb-ram/p/MLB33304636
s24 ultra,https://www.mercadolivre.com.br/samsung-galaxy-s24-ultra-256gb-12gb-ram-titanium-black/p/MLB37346312
a56,https://www.amazon.com.br/Smartphone-Samsung-Galaxy-C%C3%A2mera-Recursos/dp/B0DYVP8SML
a16,https://www.mercadolivre.com.br/celular-samsung-galaxy-a16-128gb-4gb-ram-cmera-de-ate-50mp-tela-67-nfc-ip54-bateria-5000-mah-cinza/p/MLB44113908
a17,https://www.mercadolivre.com.br/celular-samsung-galaxy-a17-com-ia-256gb-8gb-ram-cm-de-50mp-tela-de-67-nfc-ip54-preto/p/MLB55254425
iphone 16e,https://www.mercadolivre.com.br/iphone-16e-128-gb-preto-distribuidor-autorizado/p/MLB1046215784
iphone 16e,https://www.amazon.com.br/Apple-iPhone-16e-128-GB/dp/B0DXR7GNWJ
iphone 15,https://www.amazon.com.br/Apple-iPhone-15-128-GB/dp/B0CP6CVJSG
iphone 15,https://www.mercadolivre.com.br/apple-iphone-15-preto-128-gb-6-gb/p/MLB1027172677
iphone 15,https://www.mercadolivre.com.br/apple-iphone-15-azul-128-gb-6-gb/p/MLB1027172667
iphone 15,https://www.mercadolivre.com.br/apple-iphone-15-amarelo-128-gb-6-gb/p/MLB1027172668
iphone 15,https://www.mercadolivre.com.br/apple-iphone-15-rosa-128-gb-6-gb/p/MLB1027172678


iphone 16,https://www.amazon.com.br/Apple-iPhone-16-128-Ultramarino/dp/B0DJFRYWK8
iphone 16,https://www.mercadolivre.com.br/apple-iphone-16-128-gb-preto-distribuidor-autorizado/p/MLB1040287808
iphone 17,https://www.mercadolivre.com.br/iphone-17-256gb-8-gb-preto-distribuidor-autorizado/p/MLB1055308917
iphone 17 pro,https://www.amazon.com.br/Apple-iPhone-17-Pro-256/dp/B0FQHFY4RH
iphone 17 pro max,https://www.amazon.com.br/Apple-iPhone-Pro-Max-256/dp/B0FQJ2KJ9X/ref=sr_1_13
iphone air,https://www.mercadolivre.com.br/iphone-air-256gb-branco-nuvem-somente-esim-distribuidor-autorizado/p/MLB1054107099
iphone air,https://www.amazon.com.br/Apple-iPhone-Air-256-GB/dp/B0FQHRD3MD
carregador iphone,https://www.mercadolivre.com.br/carregador-adaptador-usb-c-de-20w-para-iphone-apple-branco-distribuidor-autorizado/p/MLB1051639606
cabo iphone,https://www.mercadolivre.com.br/cabo-usb-c-para-lightning-1-metro-branco-apple/p/MLB25875762
cabo iphone tipo c,https://www.mercadolivre.com.br/cabo-lightning--tipo-c-1-metro-carregador-original-apple/up/MLBU3267602264
galaxy watch 7,https://www.mercadolivre.com.br/samsung-galaxy-watch7-smartwatch-44mm-bt-galaxy-ai-prata/p/MLB37897247
galaxy watch 7,https://www.mercadolivre.com.br/samsung-galaxy-watch7-smartwatch-44mm-bt-galaxy-ai-verde/p/MLB38058572
galaxy watch 7 ultra,https://www.mercadolivre.com.br/samsung-galaxy-watch-ultra-2025-smartwatch-47mm-lte-galaxy-ai-titnio-aeroespacial-titnio-prata/p/MLB56207317
galaxy watch 7 ultra,https://www.mercadolivre.com.br/samsung-galaxy-watch-ultra-2025-smartwatch-47mm-lte-galaxy-ai-titnio-aeroespacial-titnio-azul/p/MLB56424060
galaxy watch 8,https://www.mercadolivre.com.br/samsung-galaxy-watch8-smartwatch-40mm-bt-galaxy-ai-grafite/p/MLB52053098
galaxy watch 8 44m,https://www.mercadolivre.com.br/samsung-galaxy-watch8-smartwatch-44mm-lte-galaxy-ai-preto-grafite-grafite/p/MLB52915893
galaxy watch 8,https://www.mercadolivre.com.br/samsung-galaxy-watch8-smartwatch-44mm-bt-galaxy-ai-branco-milans-cinza-escuro-cinza-escuro/p/MLB52053096
galaxy watch 8,https://www.mercadolivre.com.br/samsung-galaxy-watch8-smartwatch-40mm-lte-galaxy-ai-grafite-grafite-grafite/p/MLB53150305
galaxy watch 8 white,https://www.mercadolivre.com.br/samsung-galaxy-watch8-smartwatch-44mm-lte-galaxy-ai-prata-prata-prata/p/MLB53150303
galaxy watch 8 white,https://www.mercadolivre.com.br/samsung-galaxy-watch8-smartwatch-44mm-bt-galaxy-ai-prata/p/MLB52053588
galaxy watch 7,https://www.amazon.com.br/Smartwatch-Bluetooth-Frequ%C3%AAncia-Monitoramento-Processador/dp/B0D96TN5W8
galaxy watch 7,https://www.amazon.com.br/Smartwatch-Bluetooth-Frequ%C3%AAncia-Monitoramento-Processador/dp/B0D96V7WRB
galaxy watch 7,https://www.amazon.com.br/Smartwatch-Bluetooth-Frequ%C3%AAncia-Monitoramento-Processador/dp/B0D96W9KJW


galaxy fit 3,https://www.amazon.com.br/Smartwatch-Samsung-Galaxy-Display-Grafite/dp/B0CVCLGV1W
galaxy fit 3,https://www.mercadolivre.com.br/samsung-smartwatch-galaxy-fit3-grafite/p/MLB34163245
galaxy watch 8,https://www.amazon.com.br/Samsung-Galaxy-Watch8-Smartwatch-44mm/dp/B0FDX5XGHN
galaxy watch 8,https://www.amazon.com.br/Samsung-Galaxy-Watch8-Smartwatch-40mm/dp/B0FDX5NC1G

poco c75,https://www.amazon.com.br/Smartphone-Xiaomi-Black-Preto-2410FPCC5G/dp/B0DL4831YZ
poco c85,https://www.amazon.com.br/Smartphone-Xiaomi-Poco-Preto-256GB/dp/B0FZDVS62S
poco c75,https://www.mercadolivre.com.br/xiaomi-poco-c75-256gb-8gb-ram-c85-top-cor-violeta/p/MLB62192979
poco c85,https://www.mercadolivre.com.br/xiaomi-poco-c85-256gb-8gb-ram-global-pelicula-capinha-cor-preto/p/MLB61494199

redmi note 114 pro,https://www.mercadolivre.com.br/xiaomi-redmi-note-14-pro-4g-8256gb-dual-sim-global-c-nfc-preto/p/MLB61495797
redmi note 15,https://www.mercadolivre.com.br/xiaomi-redmi-note-15-global-256gb-8gb4-ram-108mpx-677-nfc-azul/p/MLB64991446
redmi 15 brinde,https://www.mercadolivre.com.br/capa-xiaomi-redmi-15-16256-gb-brindes-relogio-e-fone/up/MLBU3634009153